{"iteration": 34, "runtime": 75314.49011397362, "time_func_eval": 1.2140870094299316, "optimization_overhead": 164.5928339958191, "incumbent": [5.477823502514859, -6.715439719554945]}