{"iteration": 6, "runtime": 37.84231209754944, "time_func_eval": 3.9254748821258545, "optimization_overhead": 3.9266788959503174, "incumbent": [7.794988172462233, -9.27530572746215]}