{"iteration": 42, "runtime": 76647.66051411629, "time_func_eval": 4.549910068511963, "optimization_overhead": 165.69326996803284, "incumbent": [5.477823502514859, -6.715439719554945]}