{"iteration": 40, "runtime": 76306.60555410385, "time_func_eval": 2.6948719024658203, "optimization_overhead": 176.25678992271423, "incumbent": [5.477823502514859, -6.715439719554945]}