{"iteration": 14, "runtime": 620.2450330257416, "time_func_eval": 477.0238678455353, "optimization_overhead": 477.02826404571533, "incumbent": [0.21875161840786816, -2.8134270753213153]}