{"iteration": 13, "runtime": 143.21605110168457, "time_func_eval": 27.04802107810974, "optimization_overhead": 27.049667835235596, "incumbent": [0.21875161840786816, -2.8134270753213153]}