{"iteration": 0, "runtime": 6.303740978240967, "time_func_eval": 6.291308164596558, "optimization_overhead": 6.298500061035156, "incumbent": [-2.50919762305275, 9.014286128198322]}