{"iteration": 9, "runtime": 66.93782711029053, "time_func_eval": 12.356921195983887, "optimization_overhead": 12.357879877090454, "incumbent": [7.794988172462233, -9.27530572746215]}