{"iteration": 7, "runtime": 42.08873391151428, "time_func_eval": 4.2442851066589355, "optimization_overhead": 4.245612859725952, "incumbent": [7.794988172462233, -9.27530572746215]}