{"iteration": 27, "runtime": 3584.1688330173492, "time_func_eval": 1.1042430400848389, "optimization_overhead": 153.73829698562622, "incumbent": [5.477823502514859, -6.715439719554945]}