{"iteration": 26, "runtime": 3429.3239340782166, "time_func_eval": 1.375459909439087, "optimization_overhead": 173.9286720752716, "incumbent": [5.477823502514859, -6.715439719554945]}