{"iteration": 36, "runtime": 75638.58799791336, "time_func_eval": 1.1144578456878662, "optimization_overhead": 157.03888487815857, "incumbent": [5.477823502514859, -6.715439719554945]}