{"iteration": 3, "runtime": 22.75971293449402, "time_func_eval": 5.30998682975769, "optimization_overhead": 5.315053939819336, "incumbent": [-6.55351516145553, -2.4260662843237917]}