{"iteration": 22, "runtime": 2695.375659942627, "time_func_eval": 2.2571418285369873, "optimization_overhead": 177.31915283203125, "incumbent": [5.477823502514859, -6.715439719554945]}