{"iteration": 4, "runtime": 28.35645890235901, "time_func_eval": 5.595189809799194, "optimization_overhead": 5.596323013305664, "incumbent": [-6.55351516145553, -2.4260662843237917]}