{"iteration": 30, "runtime": 74667.5266520977, "time_func_eval": 70612.02013993263, "optimization_overhead": 155.6418960094452, "incumbent": [5.477823502514859, -6.715439719554945]}