{"iteration": 35, "runtime": 75480.43067097664, "time_func_eval": 1.1668848991394043, "optimization_overhead": 164.76374697685242, "incumbent": [5.477823502514859, -6.715439719554945]}