{"iteration": 5, "runtime": 33.91520690917969, "time_func_eval": 5.557221174240112, "optimization_overhead": 5.558246850967407, "incumbent": [-6.55351516145553, -2.4260662843237917]}