{"iteration": 18, "runtime": 2010.9609620571136, "time_func_eval": 1.1155478954315186, "optimization_overhead": 168.51886510849, "incumbent": [5.477823502514859, -6.715439719554945]}