{"iteration": 15, "runtime": 1173.6191890239716, "time_func_eval": 381.7031440734863, "optimization_overhead": 171.6548628807068, "incumbent": [0.21875161840786816, -2.8134270753213153]}