{"iteration": 10, "runtime": 78.11611795425415, "time_func_eval": 11.17684292793274, "optimization_overhead": 11.177848100662231, "incumbent": [7.794988172462233, -9.27530572746215]}