{"iteration": 48, "runtime": 89189.68328094482, "time_func_eval": 2.597676992416382, "optimization_overhead": 172.09226894378662, "incumbent": [5.477823502514859, -6.715439719554945]}