{"iteration": 2, "runtime": 17.443655967712402, "time_func_eval": 5.367379903793335, "optimization_overhead": 5.368371963500977, "incumbent": [-6.55351516145553, -2.4260662843237917]}