{"iteration": 11, "runtime": 89.76023507118225, "time_func_eval": 11.641239881515503, "optimization_overhead": 11.642589092254639, "incumbent": [7.794988172462233, -9.27530572746215]}