{"iteration": 1, "runtime": 12.074727058410645, "time_func_eval": 5.7677061557769775, "optimization_overhead": 5.769443035125732, "incumbent": [-2.50919762305275, 9.014286128198322]}