{"iteration": 28, "runtime": 3747.9918920993805, "time_func_eval": 1.9429728984832764, "optimization_overhead": 161.87847185134888, "incumbent": [5.477823502514859, -6.715439719554945]}