{"iteration": 24, "runtime": 3063.981544971466, "time_func_eval": 1.4645729064941406, "optimization_overhead": 190.75093293190002, "incumbent": [5.477823502514859, -6.715439719554945]}