{"iteration": 29, "runtime": 3899.8361859321594, "time_func_eval": 1.8269150257110596, "optimization_overhead": 150.0145959854126, "incumbent": [5.477823502514859, -6.715439719554945]}