{"iteration": 31, "runtime": 74821.6883020401, "time_func_eval": 1.892704963684082, "optimization_overhead": 152.23655104637146, "incumbent": [5.477823502514859, -6.715439719554945]}