{"iteration": 37, "runtime": 75801.04297304153, "time_func_eval": 2.080371141433716, "optimization_overhead": 160.36997389793396, "incumbent": [5.477823502514859, -6.715439719554945]}