{"iteration": 25, "runtime": 3254.014818906784, "time_func_eval": 2.443452835083008, "optimization_overhead": 187.58407998085022, "incumbent": [5.477823502514859, -6.715439719554945]}