{"iteration": 47, "runtime": 89014.97244811058, "time_func_eval": 2.351191997528076, "optimization_overhead": 186.20577597618103, "incumbent": [5.477823502514859, -6.715439719554945]}