{"iteration": 8, "runtime": 54.579516887664795, "time_func_eval": 12.489114999771118, "optimization_overhead": 12.49034595489502, "incumbent": [7.794988172462233, -9.27530572746215]}