{"iteration": 21, "runtime": 2515.7948698997498, "time_func_eval": 1.062394142150879, "optimization_overhead": 158.76613688468933, "incumbent": [5.477823502514859, -6.715439719554945]}