{"iteration": 33, "runtime": 75148.669465065, "time_func_eval": 2.948340892791748, "optimization_overhead": 172.81722712516785, "incumbent": [5.477823502514859, -6.715439719554945]}