{"iteration": 20, "runtime": 2355.9624938964844, "time_func_eval": 1.7408549785614014, "optimization_overhead": 181.31700801849365, "incumbent": [5.477823502514859, -6.715439719554945]}