{"iteration": 46, "runtime": 88826.41130495071, "time_func_eval": 1.9443349838256836, "optimization_overhead": 168.41496801376343, "incumbent": [5.477823502514859, -6.715439719554945]}