{"iteration": 44, "runtime": 76995.1244161129, "time_func_eval": 4.714401006698608, "optimization_overhead": 175.83393502235413, "incumbent": [5.477823502514859, -6.715439719554945]}