{"iteration": 39, "runtime": 76127.64758610725, "time_func_eval": 3.8961269855499268, "optimization_overhead": 159.5133559703827, "incumbent": [5.477823502514859, -6.715439719554945]}