{"iteration": 32, "runtime": 74972.89919495583, "time_func_eval": 1.1510241031646729, "optimization_overhead": 150.05619502067566, "incumbent": [5.477823502514859, -6.715439719554945]}