{"iteration": 16, "runtime": 1691.0837659835815, "time_func_eval": 350.57291412353516, "optimization_overhead": 166.88330698013306, "incumbent": [4.6913580246913575, -6.91358024691358]}