{"iteration": 17, "runtime": 1841.3222110271454, "time_func_eval": 1.0404610633850098, "optimization_overhead": 149.19463086128235, "incumbent": [5.477823502514859, -6.715439719554945]}