{"iteration": 12, "runtime": 116.16308999061584, "time_func_eval": 26.400829076766968, "optimization_overhead": 26.402430057525635, "incumbent": [0.21875161840786816, -2.8134270753213153]}