{"iteration": 43, "runtime": 76814.57101488113, "time_func_eval": 1.6546738147735596, "optimization_overhead": 165.25213289260864, "incumbent": [5.477823502514859, -6.715439719554945]}