{"iteration": 41, "runtime": 76477.40568709373, "time_func_eval": 4.903465032577515, "optimization_overhead": 165.8897421360016, "incumbent": [5.477823502514859, -6.715439719554945]}