{"iteration": 45, "runtime": 88656.03831791878, "time_func_eval": 3.2659449577331543, "optimization_overhead": 11657.628431797028, "incumbent": [5.477823502514859, -6.715439719554945]}