{"iteration": 49, "runtime": 89361.29090499878, "time_func_eval": 1.264617919921875, "optimization_overhead": 170.33706712722778, "incumbent": [5.477823502514859, -6.715439719554945]}