{"iteration": 50, "runtime": 129179.26435899734, "time_func_eval": 2.8865480422973633, "optimization_overhead": 39815.07621002197, "incumbent": [5.477823502514859, -6.715439719554945]}