{"iteration": 23, "runtime": 2871.7593739032745, "time_func_eval": 4.3208489418029785, "optimization_overhead": 172.05464482307434, "incumbent": [5.477823502514859, -6.715439719554945]}