{"iteration": 19, "runtime": 2172.899398088455, "time_func_eval": 1.3040330410003662, "optimization_overhead": 160.62549495697021, "incumbent": [5.477823502514859, -6.715439719554945]}