{"iteration": 38, "runtime": 75964.23149991035, "time_func_eval": 2.4955949783325195, "optimization_overhead": 160.6882619857788, "incumbent": [5.477823502514859, -6.715439719554945]}